{
    "1": {
        "Id": 1,
        "AvatarLevel": 1,
        "Probability": 0.20000000298023224
    },
    "2": {
        "Id": 2,
        "AvatarLevel": 21,
        "Probability": 0.4000000059604645
    },
    "3": {
        "Id": 3,
        "AvatarLevel": 41,
        "Probability": 0.5
    },
    "4": {
        "Id": 4,
        "AvatarLevel": 51,
        "Probability": 0.6000000238418579
    },
    "5": {
        "Id": 5,
        "AvatarLevel": 61,
        "Probability": 0.699999988079071
    },
    "6": {
        "Id": 6,
        "AvatarLevel": 71,
        "Probability": 0.800000011920929
    },
    "7": {
        "Id": 7,
        "AvatarLevel": 81,
        "Probability": 0.8999999761581421
    }
}